name1,type1,ref1,name2,type2,ref2,nb_ints,nb_multi,p_value,fdr,in_libs,strand1,meanleft1,meanright1,meanleft2,meanright2,strand2,meanlength1,meanlength2,minleft1,maxright1,minleft2,maxright2,nms1,nms2,meanmiss1,meanmiss2,relmean1,relmean2,relmin1,relmax1,relmin2,relmax2
tuf,CDS,NC_002505,tuf2,CDS,NC_002505,453,0,1.853192715929739e-238,1.265823284615808e-234,2,+,335929,335973,382559,382594,+,45,36,335138,336483,381797,383077,0.3267,0.0574,0.4614,0.0596,0.5464,0.6747,0.0,0.9772,0.0312,1.0
tuf2,CDS,NC_002505,tuf,CDS,NC_002505,393,0,2.8955916503592163e-176,1.3185559178519086e-172,2,+,382256,382300,336014,336049,+,45,36,381689,382935,335178,336571,0.3181,0.0662,0.4911,0.0712,0.4559,0.581,0.0,0.9924,0.0,1.0
VC0255,CDS,NC_002505,VC0258,CDS,NC_002505,198,0,0.0,0.0,2,+,262225,262265,263596,263637,+,41,42,262076,262292,263545,263819,0.2677,0.0556,0.3737,0.0657,0.7564,0.2206,0.0,0.8778,0.1564,0.4994
Vcr043,sRNA,NC_002505,VC2497,5UTR,NC_002505,99,0,3.212607310445547e-70,6.269632638285232e-67,2,+,1114647,1114688,2683338,2683373,-,42,36,1114590,1114739,2683338,2683377,0.4646,0.0101,0.596,0.0101,0.6158,0.0,0.0,0.9371,0.0,0.0
VC0341,3UTR,NC_002505,Vcr202,sRNA,NC_002505,86,0,0.00256674333190725,0.011698620768012025,2,+,361865,361904,481176,481210,-,41,36,361858,361929,481175,481225,0.6628,0.1395,1.5698,0.1744,1.0,0.7436,1.0,1.0,0.4082,0.7483
tRNA-Glu-1:23Sb,IGR,NC_002505,23Sh:tRNA-Val-4,IGR,NC_002505,69,0,6.409470224008288e-79,1.7511954546035445e-75,2,+,152763,152806,2936842,2936877,-,45,36,152742,152963,2936769,2936936,0.2464,0.029,0.2754,0.029,0.2357,0.8138,0.0105,0.7832,0.5396,1.0
Vssrna24,sRNA,NC_002505,Vcr202,sRNA,NC_002505,67,0,1.792913675478641e-7,1.1235318220510879e-5,2,+,106491,106528,481176,481211,-,38,36,106481,106540,481175,481237,0.791,0.0746,1.7015,0.0746,0.8422,0.7432,0.0,1.0,0.3265,0.7483
tRNA-Ala-5:23Sa,IGR,NC_002505,23Sg:tRNA-Ala-2,IGR,NC_002505,60,1,7.838695947220046e-73,1.784740422249551e-69,2,+,55524,55568,2931092,2931126,-,45,36,55500,55638,2931046,2931261,0.3167,0.05,0.55,0.0833,0.2466,0.7909,0.0105,0.493,0.1993,0.951
23Sg:tRNA-Ala-2,IGR,NC_002505,tRNA-Glu-1:23Sb,IGR,NC_002505,58,0,5.824510686533579e-66,8.840960054303914e-63,2,-,2931251,2931295,152930,152965,+,45,36,2931201,2931318,152918,153018,0.2414,0.0862,0.5,0.0862,0.2329,0.7918,0.0,0.4091,0.6259,0.9755
23Sf:tRNA-Ala-1,IGR,NC_002505,tRNA-Ala-5:23Sa,IGR,NC_002505,53,0,8.127546055413735e-70,1.387880083287588e-66,2,-,2679590,2679634,55685,55721,+,45,36,2679539,2679656,55676,55769,0.2264,0.0755,0.3208,0.1132,0.2409,0.7816,0.0105,0.4196,0.6259,0.951
tRNA-Glu-4:23Se,IGR,NC_002505,tRNA-Ala-3:23Sc,IGR,NC_002505,49,0,7.904793679672638e-64,1.079873864580079e-60,2,+,764484,764528,326093,326128,+,45,36,764458,764651,325962,326188,0.2245,0.1633,0.4694,0.1633,0.2541,0.6545,0.0105,0.6853,0.1958,0.986
secG,3UTR,NC_002505,VC0548,3UTR,NC_002505,42,0,7.25807701280172e-15,1.4798894040579745e-12,2,+,682971,683011,580982,581016,+,41,35,682928,683109,580967,581030,0.2857,0.0952,0.4762,0.0952,1.0,1.0,1.0,1.0,1.0,1.0
tRNA-Ala-3:23Sc,IGR,NC_002505,tRNA-Glu-4:23Se,IGR,NC_002505,41,0,1.4096429763802688e-49,1.7506484273028048e-46,2,+,325924,325967,764642,764677,+,45,36,325909,326002,764636,764693,0.2683,0.0488,0.6341,0.0488,0.2148,0.6532,0.0105,0.3357,0.6329,0.8322
Spot42,sRNA,NC_002505,Vcr202,sRNA,NC_002505,40,0,0.00013788155012502658,0.0026307260562262406,2,+,106119,106158,481176,481211,-,40,36,106077,106178,481175,481224,0.775,0.1,1.9,0.1,0.7532,0.7425,0.0092,0.9358,0.415,0.7483
VCA0292,5UTR,NC_002506,VCA0293:VCA0294,IGR,NC_002506,30,0,5.247885301237607e-90,1.7922840275051738e-86,2,+,310891,310932,312326,312364,+,41,39,310873,310943,312311,312411,0.4333,0.1,0.5333,0.1,0.0,0.1292,0.0,0.0,0.0375,0.6625
VC1455:VC1464,IGR,NC_002505,VC1464:VC1470,IGR,NC_002505,29,0,2.7133102934557332e-48,3.0888776599082315e-45,2,+,1566677,1566721,1573786,1573821,+,45,36,1566524,1566846,1573634,1573994,0.4483,0.069,0.6552,0.069,0.0336,0.095,0.0018,0.0539,0.0546,0.1505
VC0059,3UTR,NC_002505,VC0713,CDS,NC_002505,26,1,4.611030955109711e-32,2.624637244906407e-29,2,+,53623,53666,762722,762757,+,44,35,53466,53711,762570,762800,0.3077,0.0769,0.4615,0.0769,1.0,0.6109,0.0,1.0,0.0,1.0
VC1455,3UTR,NC_002505,VC1464:VC1470,IGR,NC_002505,26,0,8.08617241567534e-48,8.497323182349294e-45,2,+,1566420,1566464,1573549,1573584,+,45,36,1566326,1566513,1573415,1574164,0.4615,0.0769,0.6154,0.0769,1.0,0.032,0.8846,1.0,0.0,0.1958
23Sh:tRNA-Val-4,IGR,NC_002505,tRNA-Ala-5:23Sa,IGR,NC_002505,26,1,1.9971332428677375e-19,6.200644825185492e-17,2,-,2936996,2937039,55693,55727,+,44,36,2936929,2937116,55589,55776,0.3462,0.0385,0.4231,0.0385,0.364,0.8047,0.0117,0.5601,0.3217,0.9755
FarS,sRNA,NC_002505,VC0450,3UTR,NC_002505,26,0,1.769132083717927e-11,2.4412235753202627e-9,2,-,2266066,2266109,481498,481528,-,44,31,2266038,2266135,481498,481534,0.6923,0.1154,1.6154,0.1923,0.5845,1.0,0.0,0.8205,1.0,1.0
CsrB,sRNA,NC_002505,VC2497,5UTR,NC_002505,24,0,0.0007326825971539294,0.006486828878625943,2,-,196791,196834,2683339,2683373,-,44,35,196633,196926,2683338,2683376,0.2083,0.0417,0.2917,0.0417,0.3423,0.0,0.0145,0.724,0.0,0.0
VCA0791,CDS,NC_002506,VC1478,CDS,NC_002505,22,0,1.6067702640769972e-46,1.463339238503724e-43,2,-,736250,736293,1584029,1584064,+,44,36,735919,736599,1583709,1584397,0.2727,0.0909,0.2727,0.1364,0.4501,0.6354,0.0505,0.8303,0.2282,1.0
VC0059,3UTR,NC_002505,16Sg:5Sh,IGR,NC_002505,22,0,1.3689371992872126e-26,6.233683693154204e-24,2,+,53638,53682,2933277,2933312,-,45,36,53523,53699,2933263,2933383,0.1818,0.1818,0.2273,0.1818,1.0,1.0,0.1857,1.0,0.7178,1.0
VC0548,3UTR,NC_002505,secG,3UTR,NC_002505,22,0,0.0007230345034360187,0.006416799724358349,2,+,580969,581012,682976,683009,+,44,35,580967,581019,682931,683126,0.3182,0.0909,0.8636,0.0909,1.0,1.0,1.0,1.0,1.0,1.0
23Sh:tRNA-Val-4,IGR,NC_002505,tRNA-Glu-1:23Sb,IGR,NC_002505,21,0,5.288537443064888e-13,8.810574391427981e-11,2,-,2936987,2937031,152925,152960,+,45,36,2936830,2937116,152791,153012,0.1905,0.0952,0.1905,0.0952,0.3893,0.7736,0.0117,0.8504,0.1818,0.9545
Vcr222,sRNA,NC_002505,OppZ,sRNA,NC_002505,21,1,1.5014664637229062e-46,1.463339238503724e-43,2,-,2783843,2783879,1164282,1164313,+,36,32,2783839,2783894,1164273,1164325,0.2857,0.1429,0.8095,0.1429,0.951,0.7729,0.2059,1.0,0.0,1.0
VC1464,3UTR,NC_002505,VC1455:VC1464,IGR,NC_002505,21,0,2.211257525252082e-40,1.7769405324981584e-37,2,+,1573321,1573364,1566616,1566651,+,44,36,1573193,1573429,1566509,1566775,0.1905,0.0,0.1905,0.0,1.0,0.0166,0.7396,1.0,0.0,0.0424
23Sh:tRNA-Val-4,IGR,NC_002505,tRNA-Ala-4:23Sd,IGR,NC_002505,20,0,5.465802825371935e-20,1.8211788389611218e-17,2,-,2937006,2937050,403697,403732,+,45,36,2936975,2937112,403685,403738,0.4,0.05,0.45,0.05,0.335,0.7699,0.0235,0.4252,0.6049,0.7902
23Sh:tRNA-Val-4,IGR,NC_002505,23Sg:tRNA-Ala-2,IGR,NC_002505,19,0,3.93241308264712e-12,5.90337309033432e-10,2,-,2937007,2937050,2931104,2931139,-,45,36,2936987,2937116,2931077,2931214,0.3684,0.1053,0.5789,0.1053,0.3326,0.6255,0.0117,0.39,0.3636,0.8427
23Sh:tRNA-Val-4,IGR,NC_002505,tRNA-Ala-3:23Sc,IGR,NC_002505,19,0,1.4627682459767937e-13,2.595178832245322e-11,2,-,2937008,2937051,326089,326124,+,45,36,2936953,2937116,326040,326185,0.3684,0.0526,0.4737,0.0526,0.3295,0.7624,0.0117,0.4897,0.4685,0.9755
Vcr038,sRNA,NC_002505,VC1343,3UTR,NC_002505,19,0,4.3108107904283844e-45,3.6806241380026347e-42,2,-,935842,935886,1429895,1429916,-,45,22,935802,935926,1429881,1429916,0.3684,0.0,0.4737,0.0,0.5912,1.0,0.1554,0.7979,1.0,1.0
tRNA-Glu-4:23Se,IGR,NC_002505,tRNA-Glu-1:23Sb,IGR,NC_002505,19,0,4.9255950176106034e-14,9.477261061349078e-12,2,+,764470,764514,152912,152947,+,45,36,764458,764567,152895,152996,0.1579,0.0,0.6316,0.0,0.2061,0.606,0.0105,0.3916,0.5455,0.8986
VC1478,CDS,NC_002505,VCA0791,CDS,NC_002506,18,0,6.099750921674181e-36,4.166434867049549e-33,2,+,1583840,1583884,736075,736110,-,45,36,1583493,1584131,735855,736414,0.1667,0.0556,0.3333,0.0556,0.4283,0.6511,0.0,0.7122,0.2626,0.9037
VC2033,3UTR,NC_002505,Vcr069:VC1803,IGR,NC_002505,18,1,3.128674395058923e-28,1.5829933670703684e-25,2,-,2187592,2187628,1944194,1944228,+,37,35,2187564,2187887,1944164,1944231,0.5,0.0556,0.6111,0.0556,1.0,0.2977,0.8998,1.0,0.2859,0.2982
VC0252,CDS,NC_002505,VC0870,5UTR,NC_002505,18,1,3.8941098237252246e-36,2.7998649632584366e-33,2,+,260352,260395,935904,935939,+,44,36,260208,260477,935856,935981,0.3333,0.0556,0.4444,0.0556,0.9821,0.0,0.6519,1.0,0.0,0.1465
VC0252,3UTR,NC_002505,VCA0493,5UTR,NC_002506,17,0,3.1084275237788834e-36,2.359123800130185e-33,2,+,260363,260407,428332,428367,+,45,36,260243,260465,428305,428396,0.4118,0.0,0.4118,0.0,1.0,0.0,0.7138,1.0,0.0,0.1396
23Sh:tRNA-Val-4,IGR,NC_002505,23Sf:tRNA-Ala-1,IGR,NC_002505,17,0,1.482410257717198e-12,2.354791457055191e-10,2,-,2937008,2937052,2679443,2679478,-,45,36,2936964,2937116,2679388,2679549,0.4118,0.0,0.4118,0.0,0.3283,0.6345,0.0117,0.4575,0.3846,0.9476
tRNA-Ala-4:23Sd,IGR,NC_002505,tRNA-Ala-3:23Sc,IGR,NC_002505,16,0,4.526492326680789e-17,1.145118734718264e-14,2,+,403540,403584,326097,326132,+,45,36,403515,403624,326066,326177,0.1875,0.125,0.1875,0.125,0.2533,0.6678,0.0105,0.3916,0.5594,0.9476
VCA0201:VCA0208,IGR,NC_002506,VC1343,3UTR,NC_002505,16,0,2.264646366526413e-35,1.4732063815770156e-32,2,+,220306,220349,1429897,1429916,-,45,20,220289,220384,1429897,1429916,0.25,0.0,0.375,0.0,0.0717,1.0,0.059,0.079,1.0,1.0
VC0252,3UTR,NC_002505,VCA0275,CDS,NC_002506,15,0,6.901922248484775e-30,3.626429224482712e-27,2,+,260368,260412,292674,292709,-,45,36,260290,260452,292638,292762,0.2,0.0667,0.7333,0.0667,1.0,0.0633,0.7968,1.0,0.0,0.1465
23Sh:tRNA-Val-4,IGR,NC_002505,tRNA-Glu-4:23Se,IGR,NC_002505,15,0,1.2761376281683768e-9,1.3619778233131402e-7,2,-,2937012,2937056,764633,764668,+,45,36,2936983,2937116,764565,764698,0.2667,0.0667,0.2667,0.0667,0.3169,0.7448,0.0117,0.4018,0.3846,0.8497
zapA,3UTR,NC_002505,Vcr202,sRNA,NC_002505,15,0,0.020560222979405195,0.04128949850113316,2,+,2658213,2658253,481178,481213,-,41,36,2658208,2658256,481175,481247,0.8,0.1333,1.5333,0.2,1.0,0.7261,1.0,1.0,0.2585,0.7483
VC0257,CDS,NC_002505,VCA0371,CDS,NC_002506,15,0,3.0073172516081157e-33,1.8674073170099306e-30,2,+,262888,262932,357594,357630,-,45,36,262660,263310,357264,357886,0.4667,0.2,0.8,0.2667,0.3044,0.5294,0.0,0.7374,0.195,0.9083
Spot42,sRNA,NC_002505,RNaseP,CDS,NC_002505,15,0,0.001140724716416976,0.007994573724293602,2,+,106121,106159,2580836,2580871,-,39,36,106078,106176,2580716,2581095,0.5333,0.0667,1.4,0.0667,0.7584,0.6348,0.0183,0.9174,0.0538,0.9036
23Sg:tRNA-Ala-2,IGR,NC_002505,tRNA-Ala-5:23Sa,IGR,NC_002505,15,0,2.2443304639858598e-9,2.2880446618291664e-7,2,-,2931261,2931304,55672,55707,+,45,36,2931216,2931314,55652,55769,0.1333,0.0667,0.5333,0.0667,0.1998,0.7345,0.014,0.3566,0.542,0.951
VCA0481,CDS,NC_002506,VCA0318,CDS,NC_002506,15,0,1.9343545460171655e-32,1.1489224979626303e-29,2,-,422039,422083,325986,326021,-,45,35,421777,422299,325712,326223,0.3333,0.0,0.4667,0.0,0.4923,0.737,0.0,1.0,0.33,1.0
MicX,sRNA,NC_002506,4.5s RNA,CDS,NC_002505,14,0,0.0012261626871640718,0.008296487602450909,2,-,893397,893432,1135513,1135548,+,37,36,893293,893511,1135510,1135549,0.7143,0.3571,0.8571,0.3571,0.6391,0.9937,0.3061,0.9417,0.7132,1.0
MicX,sRNA,NC_002506,VCA0942:Vcr229,IGR,NC_002506,14,0,4.7036072723064445e-27,2.2157234119647702e-24,2,-,893341,893378,893402,893434,+,38,33,893298,893511,893396,893442,0.2857,0.5,0.7143,0.6429,0.8024,0.0207,0.3061,0.9271,0.0117,0.0227
VCA0274:VCA0279,IGR,NC_002506,VC1343,3UTR,NC_002505,14,0,1.0478859084994258e-30,5.726067758404262e-28,2,+,292740,292784,1429894,1429916,-,45,23,292693,292815,1429880,1429917,0.5,0.0714,0.7857,0.0714,0.0967,1.0,0.0808,0.1021,1.0,1.0
tRNA-Glu-1:23Sb,IGR,NC_002505,tRNA-Ala-5:23Sa,IGR,NC_002505,14,0,9.962434134706266e-8,6.83903581478504e-6,2,+,152802,152846,55733,55768,+,45,36,152787,152858,55725,55777,0.2143,0.1429,0.2143,0.1429,0.3756,0.8247,0.1678,0.4161,0.7972,0.979
VC0059,3UTR,NC_002505,VC2753,3UTR,NC_002505,13,0,1.7930018275986802e-13,3.1402817906186624e-11,2,+,53639,53681,2938992,2939027,-,44,36,53466,53705,2938975,2939163,0.3077,0.0769,0.4615,0.1538,1.0,1.0,0.0,1.0,1.0,1.0
MicX,sRNA,NC_002506,VC2497,5UTR,NC_002505,13,0,0.0063705395861192735,0.0188698918659964,2,-,893410,893445,2683338,2683372,-,36,35,893294,893514,2683338,2683375,0.6923,0.0,1.2308,0.0,0.6017,0.0,0.2974,0.9388,0.0,0.0
23Sf:tRNA-Ala-1,IGR,NC_002505,23Sg:tRNA-Ala-2,IGR,NC_002505,13,0,2.238834249720506e-9,2.2880446618291664e-7,2,-,2679589,2679633,2931081,2931117,-,45,37,2679543,2679655,2931044,2931157,0.3077,0.0769,0.5385,0.7692,0.2439,0.702,0.014,0.4056,0.5629,0.958
VCA0303,CDS,NC_002506,VCA0465,CDS,NC_002506,12,0,1.4601728225758515e-26,6.43465191264797e-24,2,+,317615,317659,413673,413708,+,45,36,317426,317919,413566,413996,0.3333,0.0833,0.5,0.0833,0.3678,0.8055,0.0,1.0,0.5396,1.0
tRNA-Glu-1:23Sb,IGR,NC_002505,tRNA-Glu-4:23Se,IGR,NC_002505,12,0,4.348227435453536e-7,2.3203568357707328e-5,2,+,152745,152789,764624,764658,+,45,36,152742,152803,764610,764668,0.3333,0.0,0.75,0.0,0.1757,0.5892,0.0105,0.2238,0.542,0.7448
VC0252,CDS,NC_002505,VCA0203,CDS,NC_002506,12,1,1.796787157731257e-24,6.818308156046307e-22,2,+,260343,260385,220265,220300,-,43,36,260247,260453,220228,220378,0.3333,0.25,0.9167,0.25,0.9651,0.6325,0.7208,1.0,0.168,0.7828
VCA0297,5UTR,NC_002506,VCA0336,CDS,NC_002506,12,0,3.4703962214033747e-25,1.4366388721391366e-22,2,+,313789,313833,335710,335745,+,45,36,313630,313928,335570,335817,0.1667,0.0833,0.1667,0.1667,0.0,0.4249,0.0,0.2253,0.0,1.0
tRNA-Glu-4:23Se,IGR,NC_002505,23Sf:tRNA-Ala-1,IGR,NC_002505,12,0,2.441022557237122e-9,2.4701340114382465e-7,2,+,764470,764513,2679428,2679463,-,45,36,764458,764563,2679388,2679476,0.25,0.0,0.25,0.0,0.204,0.8083,0.0105,0.3776,0.6399,0.9476
VC2753,CDS,NC_002505,fre:16Sc,IGR,NC_002505,12,0,4.2160146293846656e-16,9.441799320003921e-14,2,-,2939282,2939326,323954,323988,+,45,34,2939151,2939338,323937,324127,0.1667,0.1667,0.1667,0.1667,0.1786,0.5259,0.0,1.0,0.3743,0.9431
VC1464:VC1470,IGR,NC_002505,VC1455:VC1464,IGR,NC_002505,11,0,1.4387373762385465e-13,2.5861304337887876e-11,2,+,1573547,1573591,1566791,1566826,+,45,36,1573413,1573729,1566645,1566960,0.0909,0.0,0.0909,0.0,0.0432,0.045,0.0,0.0799,0.0214,0.0723
VCA0506:VCA0507,IGR,NC_002506,VCA0372,CDS,NC_002506,11,0,3.2987830616928925e-27,1.6094526930638074e-24,2,+,435219,435263,358344,358379,-,45,36,435092,435360,358213,358426,0.4545,0.1818,1.0909,0.1818,0.7288,0.1549,0.2623,0.9945,0.0,0.5349
zntA,CDS,NC_002505,VC0891:GcvB,IGR,NC_002505,11,0,3.815514382778891e-21,1.3365062046959597e-18,2,+,1099848,1099892,954567,954602,-,45,36,1099683,1099972,954548,954657,0.2727,0.0909,0.2727,0.0909,0.9763,0.0369,0.8855,1.0,0.0148,0.0416
VC1464,CDS,NC_002505,VC1455,CDS,NC_002505,11,0,6.202565587112099e-20,2.0174582972747236e-17,2,+,1573088,1573132,1566353,1566387,+,45,35,1572966,1573228,1566224,1566455,0.3636,0.0,0.5455,0.0,0.5578,0.9648,0.068,0.8432,0.5828,1.0
VC0473,CDS,NC_002505,VCA0624,CDS,NC_002506,11,0,8.699964621906724e-25,3.3957204771390894e-22,2,+,502594,502638,559263,559298,+,45,36,501739,503345,558385,559969,0.4545,0.0909,1.0909,0.0909,0.4958,0.5618,0.0643,0.8349,0.1317,0.9074
23Sg:tRNA-Ala-2,IGR,NC_002505,23Sf:tRNA-Ala-1,IGR,NC_002505,11,0,2.2065374034252355e-7,1.3517267922956117e-5,2,-,2931244,2931288,2679428,2679463,-,45,36,2931206,2931315,2679387,2679478,0.2727,0.0909,0.2727,0.0909,0.2584,0.6869,0.0105,0.3916,0.6329,0.951
VCA0318,CDS,NC_002506,VCA0481,CDS,NC_002506,11,0,4.410507809568195e-22,1.585577557539766e-19,2,-,326185,326229,421895,421930,-,45,36,326115,326347,421755,422095,0.2727,0.0,0.2727,0.0,0.4068,0.7115,0.0805,0.5473,0.3803,1.0
VCA0624,CDS,NC_002506,VC0473,CDS,NC_002505,11,0,8.699964621906751e-25,3.3957204771390894e-22,2,+,559087,559131,502839,502874,+,45,36,558267,559540,502131,503222,0.5455,0.0,0.7273,0.0,0.4971,0.592,0.0739,0.6974,0.2524,0.7759
VC1464:VC1470,IGR,NC_002505,Vcr057:VC1476,IGR,NC_002505,11,0,5.817125856264807e-18,1.6217909453557862e-15,2,+,1574882,1574926,1579952,1579987,+,45,36,1573966,1576598,1579144,1581652,0.2727,0.0909,0.4545,0.0909,0.3987,0.3335,0.143,0.8442,0.0749,0.8777
VCA0482:VCA0503,IGR,NC_002506,VC1343,3UTR,NC_002505,11,0,1.2651705007345729e-19,4.0194172582639534e-17,2,-,428266,428310,1429897,1429916,-,45,20,428260,428343,1429897,1429916,0.4545,0.0,0.4545,0.0,0.4527,1.0,0.445,0.4533,1.0,1.0
VC2187,5UTR,NC_002505,Vcr078,sRNA,NC_002505,10,0,1.05204527152824e-15,2.281268326086871e-13,2,-,2334140,2334176,2332976,2333008,-,37,33,2334119,2334190,2332940,2333093,0.5,0.6,0.5,0.6,0.0,0.5116,0.0,0.0,0.0174,0.907
VCA0344,CDS,NC_002506,VCA0428,3UTR,NC_002506,10,0,1.6195237705760632e-18,4.707300899965872e-16,2,+,340795,340838,390633,390667,+,44,35,340417,341034,390306,390858,0.3,0.0,0.4,0.0,0.6887,1.0,0.0,1.0,0.2847,1.0
zntA,CDS,NC_002505,VCA0923:VCA0925,IGR,NC_002506,10,0,5.810488508606919e-23,2.1453265815156518e-20,2,+,1099868,1099912,878593,878628,+,45,36,1099736,1099996,878547,878636,0.3,0.1,0.5,0.1,0.9846,0.921,0.9085,1.0,0.9007,0.9396
tRNA-Ala-3:23Sc,IGR,NC_002505,23Sf:tRNA-Ala-1,IGR,NC_002505,10,0,3.5885620294631867e-7,1.984750845526178e-5,2,+,325934,325978,2679428,2679463,-,45,36,325910,326015,2679374,2679480,0.3,0.0,0.6,0.0,0.251,0.8073,0.014,0.3811,0.6259,0.9965
VC1455,CDS,NC_002505,VC1464,CDS,NC_002505,10,0,9.786601156108165e-18,2.6214658508547773e-15,2,+,1566146,1566190,1573272,1573306,+,45,35,1566067,1566329,1573167,1573419,0.3,0.1,0.3,0.1,0.4828,0.9722,0.1183,0.8935,0.6627,1.0
16Sg:5Sh,IGR,NC_002505,fre:16Sc,IGR,NC_002505,10,0,2.084004180999468e-12,3.2351796723447423e-10,2,-,2933489,2933533,324073,324108,+,45,36,2933443,2933576,324029,324137,0.1,0.0,0.3,0.0,0.4263,0.8862,0.189,0.5534,0.6497,0.9731
VCA0448,CDS,NC_002506,VCA0428,3UTR,NC_002506,10,0,3.7422219816086874e-19,1.1360554331279174e-16,2,+,401644,401687,390703,390738,+,44,36,401488,401790,390553,390860,0.3,0.0,0.3,0.0,0.8626,1.0,0.3953,1.0,0.8659,1.0
Vcr043,sRNA,NC_002505,VC0731,3UTR,NC_002505,9,0,9.137916808954707e-10,1.0149031018465874e-7,2,+,1114623,1114662,786554,786588,-,40,35,1114590,1114675,786549,786603,0.4444,0.4444,0.4444,0.4444,0.45,1.0,0.0,0.5346,1.0,1.0
VCA0337,CDS,NC_002506,VCA0439,CDS,NC_002506,9,0,6.666124352712697e-21,2.2766481195602036e-18,2,+,336389,336433,395783,395818,+,45,36,335913,336649,395291,396056,0.5556,0.0,1.1111,0.0,0.4008,0.5354,0.0,0.6155,0.0458,0.8078
VC0713,CDS,NC_002505,VC0059,3UTR,NC_002505,9,0,1.5092804073192368e-7,9.81822840208957e-6,2,+,762617,762660,53795,53831,+,44,36,762603,762764,53740,53849,0.2222,0.1111,0.3333,0.1111,0.2939,1.0,0.0051,0.8223,1.0,1.0
VC0450,3UTR,NC_002505,VC0548,3UTR,NC_002505,9,0,0.00824738509835132,0.02227511424052538,2,-,481505,481534,580983,581018,+,30,35,481498,481574,580968,581021,0.1111,0.0,0.3333,0.0,1.0,1.0,1.0,1.0,1.0,1.0
VCA0371,CDS,NC_002506,VC0257,CDS,NC_002505,9,0,9.614570598271106e-18,2.6214658508547773e-15,2,-,357666,357710,263196,263231,+,45,36,357350,358039,262854,263512,0.3333,0.1111,1.3333,0.2222,0.4475,0.6472,0.0195,0.8096,0.2144,0.969
tRNA-Glu-1:23Sb,IGR,NC_002505,23Sf:tRNA-Ala-1,IGR,NC_002505,9,0,4.18551703343329e-5,0.0010247015805328347,2,+,152749,152793,2679434,2679469,-,45,36,152742,152840,2679388,2679480,0.1111,0.0,0.5556,0.0,0.188,0.7883,0.0105,0.3531,0.6259,0.9476
tRNA-Ala-3:23Sc,IGR,NC_002505,tRNA-Ala-5:23Sa,IGR,NC_002505,9,0,5.4817920214831635e-5,0.001239847033203336,1,+,325972,326015,55732,55767,+,44,36,325963,326022,55728,55768,0.3333,0.0,0.5556,0.0,0.3815,0.8217,0.1993,0.4056,0.8077,0.9476
tRNA-Ala-3:23Sc,IGR,NC_002505,tRNA-Ala-4:23Sd,IGR,NC_002505,9,0,7.252870050498876e-8,5.270290306375805e-6,1,+,325931,325975,403701,403736,+,45,36,325909,326022,403679,403769,0.2222,0.2222,0.3333,0.2222,0.2416,0.6597,0.0105,0.4056,0.5839,0.8986
tRNA-Ala-4:23Sd,IGR,NC_002505,23Sh:tRNA-Val-4,IGR,NC_002505,8,0,1.3755250339432203e-5,0.00039763839586114136,2,+,403571,403614,2936795,2936830,-,45,36,403542,403624,2936793,2936834,0.125,0.0,0.375,0.0,0.3584,0.9534,0.1049,0.3916,0.8387,0.9589
VC0059,CDS,NC_002505,16Sf:VC2497,IGR,NC_002505,8,0,3.389649143683898e-8,2.7728141887344747e-6,2,+,53534,53578,2681521,2681553,-,45,33,53462,53695,2681430,2681603,0.375,0.0,0.375,0.0,0.5804,0.6175,0.0,1.0,0.3083,0.9586
VCA0506:VCA0507,IGR,NC_002506,VCA0792,CDS,NC_002506,8,0,1.0961220131443403e-18,3.2552440916445283e-16,2,+,435256,435300,736929,736964,-,44,36,435196,435360,736847,737014,0.0,0.0,0.0,0.0,0.8292,0.1602,0.5464,0.9945,0.0,0.3983
tRNA-Ala-4:23Sd,IGR,NC_002505,tRNA-Glu-1:23Sb,IGR,NC_002505,8,0,1.014185704892027e-5,0.0003151416475177456,2,+,403573,403616,152976,153011,+,45,36,403560,403624,152970,153018,0.375,0.0,0.375,0.0,0.3649,0.8274,0.1678,0.3916,0.8077,0.9755
VCA0341,CDS,NC_002506,VCA0328,CDS,NC_002506,8,0,2.3351490122266596e-14,4.62325661681571e-12,2,+,339150,339194,330212,330247,+,45,36,339015,339328,330066,330366,0.375,0.0,0.375,0.0,0.559,0.8876,0.108,0.8945,0.5201,1.0
VC0252,3UTR,NC_002505,VCA0202,CDS,NC_002506,8,0,5.572391314651098e-15,1.1534005719613434e-12,2,+,260370,260414,220219,220254,-,45,36,260359,260452,220214,220261,0.5,0.125,0.625,0.125,1.0,0.0984,0.9187,1.0,0.0023,0.1098
VCA0428,3UTR,NC_002506,VCA0345,5UTR,NC_002506,8,0,2.878580479658709e-17,7.562363063964929e-15,2,+,390601,390645,341155,341190,+,45,36,390534,390673,341087,341266,0.375,0.0,0.5,0.0,1.0,0.0,0.8212,1.0,0.0,0.1526
zntA,3UTR,NC_002505,VC0586:panC,IGR,NC_002505,8,0,3.2833516808159136e-16,7.4756445519377e-14,2,+,1099912,1099956,616737,616772,-,45,36,1099840,1099994,616729,616778,0.0,0.125,0.0,0.125,1.0,0.516,0.9536,1.0,0.5045,0.5181
VCA0310,3UTR,NC_002506,VCA0382a:VCA0387,IGR,NC_002506,8,0,4.839743550038843e-16,1.0663828489851716e-13,2,+,322524,322568,365404,365439,+,45,36,322441,322710,365310,365641,0.375,0.125,0.625,0.25,1.0,0.628,0.7507,1.0,0.5616,0.796
MicV,sRNA,NC_002505,Vcr202,sRNA,NC_002505,8,0,0.024135224136319886,0.04652630425467247,2,-,2812117,2812160,481175,481210,-,44,36,2812110,2812162,481175,481212,0.75,0.125,1.75,0.125,0.6754,0.5077,0.0,0.7761,0.4966,0.7483
VC0516,CDS,NC_002505,VC1758,CDS,NC_002505,8,0,2.643351933653983e-26,1.1284634614264706e-23,2,-,549144,549175,1896972,1897003,+,32,31,549128,549209,1896966,1897004,0.875,1.0,2.25,1.875,0.7066,0.7376,0.6543,0.7196,0.7077,0.7385
sucA,CDS,NC_002505,sdhA,CDS,NC_002505,7,0,1.9922564500644556e-9,2.0775736919336279e-7,2,-,2248949,2248993,2251101,2251133,-,45,33,2247432,2249460,2250582,2251729,0.5714,0.0,0.7143,0.0,0.182,0.5138,0.0,0.7217,0.1761,0.8256
VCA0506:VCA0507,IGR,NC_002506,VC0256,CDS,NC_002505,7,0,1.6843608012629823e-16,4.0368513870269475e-14,1,+,435197,435241,262349,262384,+,45,36,435092,435315,262313,262548,0.4286,0.0,0.5714,0.0,0.6686,0.0656,0.2623,0.8716,0.0,0.6453
sucA,CDS,NC_002505,VC2086,CDS,NC_002505,7,0,1.4166753087825648e-8,1.224886164131558e-6,2,-,2247717,2247761,2246044,2246077,-,45,34,2247363,2248935,2245695,2246367,0.5714,0.0,0.7143,0.0,0.6204,0.4478,0.1868,0.7463,0.2092,0.7628
VC0386:16Sd,IGR,NC_002505,VC0059,3UTR,NC_002505,7,0,9.784175071903731e-8,6.750586649357418e-6,2,+,401592,401635,53764,53798,+,44,35,401556,401642,53485,53849,0.7143,0.0,1.2857,0.0,0.6067,1.0,0.3356,0.6301,0.0,1.0
VCA0428,CDS,NC_002506,VCA0448,CDS,NC_002506,7,0,1.7905689172734514e-12,2.8116048251577725e-10,1,+,390368,390412,401669,401704,+,45,36,390151,390559,401441,401834,0.7143,0.0,1.0,0.0,0.5331,0.8222,0.0,0.88,0.2847,1.0
zntA,CDS,NC_002505,VC0455,3UTR,NC_002505,7,0,6.2396435186522534e-12,9.068060649820046e-10,1,+,1099884,1099927,486331,486366,-,44,36,1099813,1099987,486323,486389,0.0,0.0,0.0,0.0,0.9914,1.0,0.9419,1.0,1.0,1.0
VCA0471:VCA0473,IGR,NC_002506,VCA0278:VCA0291,IGR,NC_002506,7,0,4.932327667425395e-18,1.4037610055145485e-15,2,+,416974,417018,302004,302039,-,45,36,416736,417261,301722,302280,0.2857,0.0,0.5714,0.0,0.4651,0.6462,0.0144,0.853,0.6228,0.6701
tRNA-Ala-4:23Sd,IGR,NC_002505,23Sg:tRNA-Ala-2,IGR,NC_002505,7,0,3.7429879884329205e-5,0.000931383586702771,2,+,403530,403574,2931075,2931110,-,45,36,403515,403620,2931025,2931162,0.1429,0.0,0.1429,0.0,0.2178,0.8511,0.0105,0.3776,0.5455,1.0
VCA0298,CDS,NC_002506,VCA0329a,CDS,NC_002506,6,0,6.643949512183204e-13,1.0805118367373185e-10,2,+,314509,314553,330808,330843,+,45,36,314486,314595,330764,330905,0.5,0.0,0.5,0.0,0.9097,0.0047,0.6414,1.0,0.0,0.2805
Vssrna24,sRNA,NC_002505,VC2063,CDS,NC_002505,6,0,0.0012720452535127397,0.008472652466229906,2,+,106496,106525,2218870,2218904,-,30,36,106494,106529,2218281,2219341,0.3333,0.0,0.5,0.0,0.7887,0.472,0.2321,0.8571,0.272,0.7217
VCA0463,CDS,NC_002506,VCA0343,5UTR,NC_002506,6,0,7.047814956673874e-12,1.013475790769703e-9,2,+,412678,412722,339954,339989,+,45,36,412594,412748,339927,340021,0.3333,0.0,0.3333,0.0,0.9033,0.0,0.5829,0.9698,0.0,0.0
VCA0471,CDS,NC_002506,VCA0278:VCA0291,IGR,NC_002506,6,0,1.5095521996587473e-16,3.682498678488955e-14,2,+,416408,416452,302617,302652,-,45,36,416359,416498,302565,302684,0.3333,0.0,0.6667,0.0,0.8419,0.5943,0.2452,1.0,0.5886,0.5987
VCA0463,CDS,NC_002506,VCA0342,CDS,NC_002506,6,0,6.948748013571973e-14,1.2827952245054962e-11,2,+,412689,412733,339811,339846,+,45,36,412670,412773,339444,339937,0.6667,0.1667,1.0,0.1667,0.9326,0.936,0.7739,1.0,0.0,1.0
VCA0329,CDS,NC_002506,VCA0299,5UTR,NC_002506,6,0,2.1805827542562736e-16,5.136024311361199e-14,1,+,330628,330672,314695,314730,+,45,36,330538,330762,314662,314772,0.3333,0.3333,0.3333,0.3333,0.8745,0.0,0.3426,1.0,0.0,0.1242
VCA0311,CDS,NC_002506,VCA0385,3UTR,NC_002506,6,0,2.8880858130333707e-16,6.687142422347268e-14,2,-,322786,322830,365281,365316,-,45,36,322684,322983,365183,365487,0.3333,0.0,0.3333,0.0,0.7005,1.0,0.1134,1.0,0.594,1.0
motB,3UTR,NC_002505,thi riboswitch,CDS,NC_002505,6,0,2.5589713504885575e-13,4.315815755435085e-11,2,+,952663,952708,1374977,1375012,+,45,36,952658,952724,1374971,1375014,0.3333,0.1667,0.3333,0.1667,1.0,0.8454,1.0,1.0,0.8213,1.0
VCA0506:VCA0507,IGR,NC_002506,VC1790,CDS,NC_002505,6,0,5.077947849825571e-14,9.502718572118784e-12,2,+,435255,435297,1938682,1938718,-,44,36,435184,435328,1938660,1938748,0.5,0.0,0.6667,0.0,0.8229,0.1439,0.5137,0.9071,0.0,0.2093
VC2086,CDS,NC_002505,sucA,CDS,NC_002505,6,0,4.089090551630425e-7,2.2344426410329292e-5,2,-,2246101,2246145,2247687,2247720,-,44,34,2245743,2246523,2247064,2248079,0.1667,0.1667,0.1667,0.1667,0.4282,0.6191,0.0807,0.7232,0.4915,0.8527
VCA0464,3UTR,NC_002506,VCA0329b,5UTR,NC_002506,6,0,2.064883490219274e-13,3.5706801721374054e-11,2,+,413172,413215,331314,331349,+,44,36,413114,413259,331309,331356,0.3333,0.0,0.5,0.0,1.0,0.0,0.7613,1.0,0.0,0.0
VCA0297,5UTR,NC_002506,VCA0353,CDS,NC_002506,6,0,1.2754667631015262e-11,1.7963042732711288e-9,2,+,313754,313798,345639,345674,+,45,36,313603,313900,345484,345788,0.3333,0.0,0.3333,0.0,0.0,0.4103,0.0,0.0714,0.0,1.0
VCA0506:VCA0507,IGR,NC_002506,VC1477,CDS,NC_002505,6,0,5.077947849825571e-14,9.502718572118784e-12,2,+,435224,435268,1583174,1583209,+,45,36,435093,435338,1583131,1583300,0.3333,0.0,0.3333,0.0,0.7441,0.0401,0.265,0.9344,0.0,0.3966
VCA0328,CDS,NC_002506,VCA0342,CDS,NC_002506,5,0,8.442943608554853e-11,1.1090293522737292e-8,2,+,330187,330231,339807,339842,+,45,36,330176,330249,339439,339944,0.4,0.2,0.4,0.2,0.9337,0.9232,0.7965,0.9799,0.0,1.0
VC2142,CDS,NC_002505,FlaX,sRNA,NC_002505,5,0,9.30404028882475e-7,4.3980101863541496e-5,2,-,2297323,2297357,2334452,2334517,-,35,66,2296829,2297499,2334423,2334688,0.4,0.2,1.0,0.2,0.0903,0.6477,0.0,0.5274,0.0,1.0
VCA0343,3UTR,NC_002506,VCA0299,CDS,NC_002506,5,0,3.317307746319924e-12,5.035304569164054e-10,2,+,340239,340283,314753,314788,+,45,36,340111,340401,314638,314933,0.2,0.0,1.0,0.0,1.0,0.0804,0.3426,1.0,0.0,0.4876
VCA0396,CDS,NC_002506,VCA0460:VCA0463,IGR,NC_002506,5,0,1.0585790995053786e-11,1.5063801123273934e-9,2,+,372385,372429,410678,410713,+,45,36,372364,372463,410676,410716,1.0,0.0,1.0,0.0,0.9106,0.0,0.8325,0.9518,0.0,0.0175
VC1478,CDS,NC_002505,VC1789,CDS,NC_002505,5,0,2.1505230369447337e-8,1.8134750128211117e-6,2,+,1583847,1583890,1937868,1937903,-,44,36,1583636,1584173,1937599,1938101,0.6,0.0,1.4,0.0,0.4358,0.5998,0.1445,0.7603,0.3326,0.9083
VCA0317,CDS,NC_002506,VCA0351,5UTR,NC_002506,5,0,4.059676948964796e-10,4.740106564086161e-8,2,+,325575,325619,344577,344612,+,45,36,325486,325665,344541,344726,0.0,0.0,0.0,0.0,0.765,0.0,0.5068,0.8544,0.0,0.25
VCA0506,CDS,NC_002506,VCA0347,CDS,NC_002506,5,0,8.726013999691603e-11,1.1352959738074953e-8,2,+,434571,434615,342941,342976,+,45,36,434388,434799,342740,343204,0.4,0.0,0.4,0.0,0.3099,0.6354,0.0,0.7554,0.1477,1.0
VCA0278:VCA0291,IGR,NC_002506,VCA0473,CDS,NC_002506,5,0,2.4994132194134913e-13,4.268060498800963e-11,2,-,301806,301850,417613,417648,+,45,36,301669,302040,417414,417784,0.4,0.0,1.6,0.0,0.6629,0.1382,0.6431,0.6745,0.0,0.5678
VCA0439,CDS,NC_002506,VCA0337,CDS,NC_002506,5,0,1.5568219420157082e-10,1.969235606470055e-8,2,+,395617,395661,336580,336615,+,45,36,395302,396198,336297,337124,0.6,0.2,0.8,0.2,0.4147,0.547,0.0568,0.9492,0.2649,1.0
tRNA-Ala-4:23Sd,IGR,NC_002505,23Sf:tRNA-Ala-1,IGR,NC_002505,5,0,0.0005119949976172893,0.005622478828335844,2,+,403549,403593,2679423,2679458,-,45,36,403516,403623,2679388,2679473,0.4,0.0,0.4,0.0,0.2839,0.8266,0.014,0.3881,0.6503,0.9476
VCA0371,CDS,NC_002506,VC1789,CDS,NC_002505,5,0,2.740030326461319e-9,2.7523201683667703e-7,2,-,357662,357706,1937848,1937883,-,45,36,357350,358012,1937546,1938192,0.4,0.0,0.6,0.0,0.4523,0.5823,0.0505,0.8096,0.2282,0.969
VCA0417,CDS,NC_002506,VCA0317,CDS,NC_002506,5,0,3.1411927720836805e-10,3.7975074742862974e-8,2,+,384423,384467,325250,325285,+,45,36,384374,384549,325182,325367,0.0,0.0,0.0,0.0,0.9989,0.0482,0.8246,1.0,0.0,0.2757
VCA0336,CDS,NC_002506,VCA0297,CDS,NC_002506,5,0,6.432726985269183e-9,5.937667793632589e-7,2,+,335589,335633,314008,314043,+,45,36,335548,335674,313993,314071,0.4,0.0,0.4,0.0,0.0022,0.667,0.0,0.2253,0.5824,1.0
VC0349,CDS,NC_002505,VC0350,CDS,NC_002505,5,0,1.757277667269445e-8,1.509822025947666e-6,1,+,372164,372208,373427,373461,+,45,34,371806,372534,373096,373862,0.4,0.6,3.8,0.8,0.3606,0.4665,0.0219,0.6352,0.1286,0.9102
VCA0344,CDS,NC_002506,VCA0448,CDS,NC_002506,5,0,1.2098516977046836e-9,1.3014003182947782e-7,2,+,340743,340786,401698,401733,+,44,36,340705,340843,401657,401801,0.4,0.0,0.6,0.0,0.5666,0.8889,0.3765,0.7012,0.7929,1.0
MicX,sRNA,NC_002506,VC0972,5UTR,NC_002505,5,0,7.3746172292474795e-6,0.00023929844648159105,2,-,893398,893439,1037822,1037857,+,43,36,893341,893517,1037804,1037874,0.8,0.2,0.8,0.2,0.6367,0.0,0.2886,0.8017,0.0,0.0
VC0870,CDS,NC_002505,VC0254,5UTR,NC_002505,5,0,3.0620788618047655e-9,3.031236183414123e-7,2,+,935884,935928,260712,260747,+,45,36,935860,935951,260632,260826,0.4,0.0,0.4,0.0,0.0252,0.0,0.0,0.0778,0.0,0.0293
VCA0472,CDS,NC_002506,VCA0282,CDS,NC_002506,5,0,3.6934327856982794e-17,9.519997223664941e-15,1,-,417360,417404,302048,302083,+,45,36,417128,417653,301791,302350,0.0,0.4,0.0,0.4,0.2251,0.4212,0.0,0.4622,0.1235,0.6939
16Sg:5Sh,IGR,NC_002505,VC0158:16Sb,IGR,NC_002505,5,0,4.6810468883680325e-7,2.4595300593075266e-5,2,-,2933463,2933502,151000,151035,+,40,36,2933397,2933560,150956,151048,0.4,0.0,0.4,0.0,0.4997,0.975,0.2329,0.6795,0.8873,0.989
tRNA-Ala-5:23Sa,IGR,NC_002505,23Sf:tRNA-Ala-1,IGR,NC_002505,5,0,0.015744382386797255,0.0342272450327876,2,+,55544,55588,2679399,2679434,-,45,36,55506,55609,2679357,2679472,0.0,0.2,0.0,0.2,0.3168,0.9077,0.0315,0.3916,0.6538,1.0
VCA0428,CDS,NC_002506,VCA0344,CDS,NC_002506,5,0,3.765027308981422e-8,3.0434342052068165e-6,2,+,390369,390413,340923,340958,+,45,36,390348,390431,340890,341003,0.4,0.0,0.8,0.0,0.5374,0.8889,0.3835,0.5788,0.8118,1.0
rfaD:VC0259,IGR,NC_002505,VC1343,3UTR,NC_002505,5,3,1.596544617344041e-7,1.0336680577031728e-5,2,-,260453,260484,1429897,1429916,-,32,20,260428,260534,1429897,1429916,0.2,0.0,0.6,0.0,0.2053,1.0,0.2008,0.2067,1.0,1.0
VC0257,CDS,NC_002505,VC1789,CDS,NC_002505,5,0,5.521539366268296e-9,5.131275461400761e-7,2,+,262971,263015,1937811,1937846,-,45,36,262805,263196,1937619,1938037,0.4,0.0,0.6,0.0,0.3986,0.6651,0.1583,0.6067,0.406,0.8853
VC0455,CDS,NC_002505,VC0586:panC,IGR,NC_002505,5,0,8.184882524634384e-13,1.3154550608121213e-10,1,-,486509,486553,616753,616788,-,45,36,486491,486561,616740,616796,0.2,0.0,0.4,0.0,0.9666,0.5018,0.9226,0.9821,0.4994,0.515
tRNA-Glu-4:23Se,IGR,NC_002505,23Sg:tRNA-Ala-2,IGR,NC_002505,5,0,0.02495296892503058,0.047682544199866096,2,+,764489,764533,2931067,2931102,-,45,36,764459,764563,2931025,2931151,0.2,0.0,0.4,0.0,0.272,0.8776,0.014,0.3776,0.5839,1.0
VCA0478,CDS,NC_002506,VCA0400,CDS,NC_002506,5,0,3.470795081624559e-11,4.74145316100731e-9,2,+,420460,420504,374546,374581,+,45,36,420408,420556,374498,374614,0.4,0.0,0.4,0.0,0.9172,0.1134,0.5862,1.0,0.0088,0.2637
VCA0443,CDS,NC_002506,VCA0317,CDS,NC_002506,5,0,1.0086976355835612e-9,1.1112756773957282e-7,2,+,398828,398872,325575,325610,+,45,36,398573,399084,325332,325801,0.0,0.0,0.0,0.0,0.44,0.6792,0.0,0.8524,0.2078,1.0
VCA0341,CDS,NC_002506,VCA0298,5UTR,NC_002506,5,0,4.50209887757225e-10,5.1683338459255886e-8,2,+,339312,339356,314299,314334,+,45,36,339234,339451,314243,314395,0.2,0.0,0.2,0.0,0.9648,0.0,0.6583,1.0,0.0,0.2789
Vcr078,sRNA,NC_002505,VC2187,5UTR,NC_002505,5,0,7.599337359518747e-7,3.760304226912198e-5,2,-,2332954,2333004,2334143,2334173,-,51,32,2332937,2333032,2334118,2334189,0.2,0.4,0.4,0.6,0.8233,0.0,0.3721,0.9244,0.0,0.0
VCA0482,CDS,NC_002506,VCA0319,CDS,NC_002506,5,0,5.0876553213724606e-15,1.0692686053118335e-12,2,-,422510,422554,326432,326467,-,45,36,422434,422584,326373,326512,0.2,0.0,0.8,0.0,0.1566,0.6949,0.0,0.4375,0.5294,1.0
fre:16Sc,IGR,NC_002505,VC2753,3UTR,NC_002505,5,0,1.8413103861469485e-5,0.000518642086291824,1,+,323968,324011,2938985,2939020,-,44,36,323940,324019,2938975,2939044,0.4,0.0,0.4,0.0,0.5964,1.0,0.3832,0.6198,1.0,1.0
